{
  "a": 1.0,
  "dg_fr_type": 0,
  "dt": 0.0010000000474974513,
  "enable_entropy_modify": false,
  "limiter_type": 1,
  "n_ele": 200,
  "output_dir": "./soln_DG_tvdRK1_200",
  "output_time_step": 0.10000000149011612,
  "time_scheme_type": 0,
  "total_time": 1.2999999523162842,
  "weight": 0.5,
  "x0": -5.0,
  "x1": 5.0
}